{"cameraMode":{"drawMode":0,"name":"Shaded","section":"Shading Mode"},"sceneLighting":false,"audioPlay":false,"sceneViewState":{"showFog":true,"showMaterialUpdate":false,"showSkybox":false,"showFlares":true,"showImageEffects":true,"showParticleSystems":true},"in2DMode":false,"pivot":{"x":0.1162179708480835,"y":0.9042670726776123,"z":-0.09856444597244263},"rotation":{"x":-0.17616717517375947,"y":0.7942399382591248,"z":-0.27232158184051516,"w":-0.5138009190559387},"size":2.9660251140594484,"orthographic":false}